"record_id","incident_date","area_key","display_name","crime_type","time_of_day","day_of_week","incident_count","base_risk_score","latitude","longitude","population_band","poverty_index","unemployment_index"
"1","2024-01-01","clifton","Clifton","Kidnapping","night","Monday","4","1","24.8138","67.0306","high","0.28","0.22"
"2","2024-01-01","dha","DHA","Mobile Snatching","night","Monday","4","1","24.8055","67.0672","high","0.25","0.19"
"3","2024-01-01","saddar","Saddar","Robbery","day","Monday","6","3","24.8547","67.0268","high","0.52","0.44"
"4","2024-01-01","gulshan","Gulshan","Street Crime","night","Monday","6","2","24.9207","67.0862","high","0.41","0.33"
"5","2024-01-01","gulistan-e-johar","Gulistan-e-Johar","Street Crime","night","Monday","6","2","24.92","67.1344","high","0.43","0.35"
"6","2024-01-01","nazimabad","Nazimabad","Drug Offense","night","Monday","6","2","24.9262","67.0407","high","0.47","0.38"
"7","2024-01-01","north-nazimabad","North Nazimabad","Drug Offense","night","Monday","4","1","24.9388","67.0453","medium","0.34","0.28"
"8","2024-01-01","lyari","Lyari","Robbery","day","Monday","6","3","24.8607","66.9904","medium","0.68","0.52"
"9","2024-01-01","malir","Malir","Kidnapping","night","Monday","6","2","24.8937","67.1984","high","0.49","0.41"
"10","2024-01-01","korangi","Korangi","Bike Snatching","night","Monday","6","2","24.8323","67.1474","high","0.51","0.43"
"11","2024-01-01","landhi","Landhi","Burglary","day","Monday","6","3","24.84","67.19","high","0.58","0.46"
"12","2024-01-01","orangi-town","Orangi Town","Kidnapping","day","Monday","6","3","24.9519","66.9698","high","0.69","0.55"
"13","2024-01-01","baldia-town","Baldia Town","Burglary","day","Monday","6","3","24.9383","66.9448","high","0.66","0.53"
"14","2024-01-01","keamari","Keamari","Burglary","day","Monday","6","3","24.815","66.975","medium","0.63","0.5"
"15","2024-01-01","garden","Garden","Bike Snatching","night","Monday","6","2","24.8733","67.0167","medium","0.46","0.37"
"16","2024-01-01","fb-area","FB Area","Street Crime","night","Monday","6","2","24.933","67.07","high","0.39","0.31"
"17","2024-01-01","gulberg","Gulberg","Fraud","night","Monday","6","2","24.905","67.05","high","0.44","0.36"
"18","2024-01-01","shah-faisal","Shah Faisal","Mobile Snatching","night","Monday","6","2","24.884","67.162","high","0.48","0.39"
"19","2024-01-01","pechs","PECHS","Bike Snatching","night","Monday","4","1","24.8775","67.0746","high","0.31","0.24"
"20","2024-01-01","jamshed-town","Jamshed Town","Kidnapping","night","Monday","6","2","24.879","67.058","high","0.42","0.34"
"21","2024-01-01","surjani-town","Surjani Town","Robbery","day","Monday","6","3","25.002","67.066","high","0.62","0.49"
"22","2024-01-01","new-karachi","New Karachi","Street Crime","day","Monday","6","3","24.985","67.062","high","0.6","0.48"
"23","2024-01-01","scheme-33","Scheme 33","Assault","night","Monday","6","2","24.956","67.153","medium","0.45","0.36"
"24","2024-01-01","sohrab-goth","Sohrab Goth","Vehicle Theft","day","Monday","6","3","25.001","67.122","medium","0.64","0.51"
"25","2024-01-01","sakhi-hasan","Sakhi Hasan","Vehicle Theft","night","Monday","6","2","24.955","67.064","medium","0.41","0.33"
"26","2024-01-01","defence-view","Defence View","Fraud","night","Monday","4","1","24.821","67.021","medium","0.29","0.21"
"27","2024-01-01","kharadar","Kharadar","Assault","night","Monday","6","2","24.846","67.004","medium","0.5","0.4"
"28","2024-01-01","site-area","SITE Area","Bike Snatching","day","Monday","6","3","24.936","67","medium","0.61","0.5"
"29","2024-01-01","banaras","Banaras","Street Crime","day","Monday","6","3","24.972","67.013","medium","0.65","0.53"
"30","2024-01-01","mehmoodabad","Mehmoodabad","Robbery","night","Monday","6","2","24.8465","67.0588","high","0.47","0.37"
"31","2024-01-08","clifton","Clifton","Street Crime","night","Monday","5","1","24.8138","67.0306","high","0.28","0.22"
"32","2024-01-08","dha","DHA","Vehicle Theft","night","Monday","5","1","24.8055","67.0672","high","0.25","0.19"
"33","2024-01-08","saddar","Saddar","Assault","night","Monday","9","3","24.8547","67.0268","high","0.52","0.44"
"34","2024-01-08","gulshan","Gulshan","Mobile Snatching","day","Monday","5","2","24.9207","67.0862","high","0.41","0.33"
"35","2024-01-08","gulistan-e-johar","Gulistan-e-Johar","Mobile Snatching","day","Monday","5","2","24.92","67.1344","high","0.43","0.35"
"36","2024-01-08","nazimabad","Nazimabad","Fraud","day","Monday","5","2","24.9262","67.0407","high","0.47","0.38"
"37","2024-01-08","north-nazimabad","North Nazimabad","Fraud","night","Monday","5","1","24.9388","67.0453","medium","0.34","0.28"
"38","2024-01-08","lyari","Lyari","Assault","night","Monday","9","3","24.8607","66.9904","medium","0.68","0.52"
"39","2024-01-08","malir","Malir","Street Crime","day","Monday","5","2","24.8937","67.1984","high","0.49","0.41"
"40","2024-01-08","korangi","Korangi","Burglary","day","Monday","5","2","24.8323","67.1474","high","0.51","0.43"
"41","2024-01-08","landhi","Landhi","Robbery","night","Monday","9","3","24.84","67.19","high","0.58","0.46"
"42","2024-01-08","orangi-town","Orangi Town","Street Crime","night","Monday","9","3","24.9519","66.9698","high","0.69","0.55"
"43","2024-01-08","baldia-town","Baldia Town","Robbery","night","Monday","9","3","24.9383","66.9448","high","0.66","0.53"
"44","2024-01-08","keamari","Keamari","Robbery","night","Monday","9","3","24.815","66.975","medium","0.63","0.5"
"45","2024-01-08","garden","Garden","Burglary","day","Monday","5","2","24.8733","67.0167","medium","0.46","0.37"
"46","2024-01-08","fb-area","FB Area","Mobile Snatching","day","Monday","5","2","24.933","67.07","high","0.39","0.31"
"47","2024-01-08","gulberg","Gulberg","Kidnapping","day","Monday","5","2","24.905","67.05","high","0.44","0.36"
"48","2024-01-08","shah-faisal","Shah Faisal","Vehicle Theft","day","Monday","5","2","24.884","67.162","high","0.48","0.39"
"49","2024-01-08","pechs","PECHS","Burglary","night","Monday","5","1","24.8775","67.0746","high","0.31","0.24"
"50","2024-01-08","jamshed-town","Jamshed Town","Street Crime","day","Monday","5","2","24.879","67.058","high","0.42","0.34"
"51","2024-01-08","surjani-town","Surjani Town","Assault","night","Monday","9","3","25.002","67.066","high","0.62","0.49"
"52","2024-01-08","new-karachi","New Karachi","Mobile Snatching","night","Monday","9","3","24.985","67.062","high","0.6","0.48"
"53","2024-01-08","scheme-33","Scheme 33","Drug Offense","day","Monday","5","2","24.956","67.153","medium","0.45","0.36"
"54","2024-01-08","sohrab-goth","Sohrab Goth","Bike Snatching","night","Monday","9","3","25.001","67.122","medium","0.64","0.51"
"55","2024-01-08","sakhi-hasan","Sakhi Hasan","Bike Snatching","day","Monday","5","2","24.955","67.064","medium","0.41","0.33"
"56","2024-01-08","defence-view","Defence View","Kidnapping","night","Monday","5","1","24.821","67.021","medium","0.29","0.21"
"57","2024-01-08","kharadar","Kharadar","Drug Offense","day","Monday","5","2","24.846","67.004","medium","0.5","0.4"
"58","2024-01-08","site-area","SITE Area","Burglary","night","Monday","9","3","24.936","67","medium","0.61","0.5"
"59","2024-01-08","banaras","Banaras","Mobile Snatching","night","Monday","9","3","24.972","67.013","medium","0.65","0.53"
"60","2024-01-08","mehmoodabad","Mehmoodabad","Assault","day","Monday","5","2","24.8465","67.0588","high","0.47","0.37"
"61","2024-01-15","clifton","Clifton","Mobile Snatching","day","Monday","4","1","24.8138","67.0306","high","0.28","0.22"
"62","2024-01-15","dha","DHA","Bike Snatching","day","Monday","4","1","24.8055","67.0672","high","0.25","0.19"
"63","2024-01-15","saddar","Saddar","Drug Offense","night","Monday","10","3","24.8547","67.0268","high","0.52","0.44"
"64","2024-01-15","gulshan","Gulshan","Vehicle Theft","night","Monday","8","2","24.9207","67.0862","high","0.41","0.33"
"65","2024-01-15","gulistan-e-johar","Gulistan-e-Johar","Vehicle Theft","night","Monday","8","2","24.92","67.1344","high","0.43","0.35"
"66","2024-01-15","nazimabad","Nazimabad","Kidnapping","night","Monday","8","2","24.9262","67.0407","high","0.47","0.38"
"67","2024-01-15","north-nazimabad","North Nazimabad","Kidnapping","day","Monday","4","1","24.9388","67.0453","medium","0.34","0.28"
"68","2024-01-15","lyari","Lyari","Drug Offense","night","Monday","10","3","24.8607","66.9904","medium","0.68","0.52"
"69","2024-01-15","malir","Malir","Mobile Snatching","night","Monday","8","2","24.8937","67.1984","high","0.49","0.41"
"70","2024-01-15","korangi","Korangi","Robbery","night","Monday","8","2","24.8323","67.1474","high","0.51","0.43"
"71","2024-01-15","landhi","Landhi","Assault","night","Monday","10","3","24.84","67.19","high","0.58","0.46"
"72","2024-01-15","orangi-town","Orangi Town","Mobile Snatching","night","Monday","10","3","24.9519","66.9698","high","0.69","0.55"
"73","2024-01-15","baldia-town","Baldia Town","Assault","night","Monday","10","3","24.9383","66.9448","high","0.66","0.53"
"74","2024-01-15","keamari","Keamari","Assault","night","Monday","10","3","24.815","66.975","medium","0.63","0.5"
"75","2024-01-15","garden","Garden","Robbery","night","Monday","8","2","24.8733","67.0167","medium","0.46","0.37"
"76","2024-01-15","fb-area","FB Area","Vehicle Theft","night","Monday","8","2","24.933","67.07","high","0.39","0.31"
"77","2024-01-15","gulberg","Gulberg","Street Crime","night","Monday","8","2","24.905","67.05","high","0.44","0.36"
"78","2024-01-15","shah-faisal","Shah Faisal","Bike Snatching","night","Monday","8","2","24.884","67.162","high","0.48","0.39"
"79","2024-01-15","pechs","PECHS","Robbery","day","Monday","4","1","24.8775","67.0746","high","0.31","0.24"
"80","2024-01-15","jamshed-town","Jamshed Town","Mobile Snatching","night","Monday","8","2","24.879","67.058","high","0.42","0.34"
"81","2024-01-15","surjani-town","Surjani Town","Drug Offense","night","Monday","10","3","25.002","67.066","high","0.62","0.49"
"82","2024-01-15","new-karachi","New Karachi","Vehicle Theft","night","Monday","10","3","24.985","67.062","high","0.6","0.48"
"83","2024-01-15","scheme-33","Scheme 33","Fraud","night","Monday","8","2","24.956","67.153","medium","0.45","0.36"
"84","2024-01-15","sohrab-goth","Sohrab Goth","Burglary","night","Monday","10","3","25.001","67.122","medium","0.64","0.51"
"85","2024-01-15","sakhi-hasan","Sakhi Hasan","Burglary","night","Monday","8","2","24.955","67.064","medium","0.41","0.33"
"86","2024-01-15","defence-view","Defence View","Street Crime","day","Monday","4","1","24.821","67.021","medium","0.29","0.21"
"87","2024-01-15","kharadar","Kharadar","Fraud","night","Monday","8","2","24.846","67.004","medium","0.5","0.4"
"88","2024-01-15","site-area","SITE Area","Robbery","night","Monday","10","3","24.936","67","medium","0.61","0.5"
"89","2024-01-15","banaras","Banaras","Vehicle Theft","night","Monday","10","3","24.972","67.013","medium","0.65","0.53"
"90","2024-01-15","mehmoodabad","Mehmoodabad","Drug Offense","night","Monday","8","2","24.8465","67.0588","high","0.47","0.37"
"91","2024-01-22","clifton","Clifton","Vehicle Theft","night","Monday","7","1","24.8138","67.0306","high","0.28","0.22"
"92","2024-01-22","dha","DHA","Burglary","night","Monday","7","1","24.8055","67.0672","high","0.25","0.19"
"93","2024-01-22","saddar","Saddar","Fraud","day","Monday","9","3","24.8547","67.0268","high","0.52","0.44"
"94","2024-01-22","gulshan","Gulshan","Bike Snatching","night","Monday","9","2","24.9207","67.0862","high","0.41","0.33"
"95","2024-01-22","gulistan-e-johar","Gulistan-e-Johar","Bike Snatching","night","Monday","9","2","24.92","67.1344","high","0.43","0.35"
"96","2024-01-22","nazimabad","Nazimabad","Street Crime","night","Monday","9","2","24.9262","67.0407","high","0.47","0.38"
"97","2024-01-22","north-nazimabad","North Nazimabad","Street Crime","night","Monday","7","1","24.9388","67.0453","medium","0.34","0.28"
"98","2024-01-22","lyari","Lyari","Fraud","day","Monday","9","3","24.8607","66.9904","medium","0.68","0.52"
"99","2024-01-22","malir","Malir","Vehicle Theft","night","Monday","9","2","24.8937","67.1984","high","0.49","0.41"
"100","2024-01-22","korangi","Korangi","Assault","night","Monday","9","2","24.8323","67.1474","high","0.51","0.43"
"101","2024-01-22","landhi","Landhi","Drug Offense","day","Monday","9","3","24.84","67.19","high","0.58","0.46"
"102","2024-01-22","orangi-town","Orangi Town","Vehicle Theft","day","Monday","9","3","24.9519","66.9698","high","0.69","0.55"
"103","2024-01-22","baldia-town","Baldia Town","Drug Offense","day","Monday","9","3","24.9383","66.9448","high","0.66","0.53"
"104","2024-01-22","keamari","Keamari","Drug Offense","day","Monday","9","3","24.815","66.975","medium","0.63","0.5"
"105","2024-01-22","garden","Garden","Assault","night","Monday","9","2","24.8733","67.0167","medium","0.46","0.37"
"106","2024-01-22","fb-area","FB Area","Bike Snatching","night","Monday","9","2","24.933","67.07","high","0.39","0.31"
"107","2024-01-22","gulberg","Gulberg","Mobile Snatching","night","Monday","9","2","24.905","67.05","high","0.44","0.36"
"108","2024-01-22","shah-faisal","Shah Faisal","Burglary","night","Monday","9","2","24.884","67.162","high","0.48","0.39"
"109","2024-01-22","pechs","PECHS","Assault","night","Monday","7","1","24.8775","67.0746","high","0.31","0.24"
"110","2024-01-22","jamshed-town","Jamshed Town","Vehicle Theft","night","Monday","9","2","24.879","67.058","high","0.42","0.34"
"111","2024-01-22","surjani-town","Surjani Town","Fraud","day","Monday","9","3","25.002","67.066","high","0.62","0.49"
"112","2024-01-22","new-karachi","New Karachi","Bike Snatching","day","Monday","9","3","24.985","67.062","high","0.6","0.48"
"113","2024-01-22","scheme-33","Scheme 33","Kidnapping","night","Monday","9","2","24.956","67.153","medium","0.45","0.36"
"114","2024-01-22","sohrab-goth","Sohrab Goth","Robbery","day","Monday","9","3","25.001","67.122","medium","0.64","0.51"
"115","2024-01-22","sakhi-hasan","Sakhi Hasan","Robbery","night","Monday","9","2","24.955","67.064","medium","0.41","0.33"
"116","2024-01-22","defence-view","Defence View","Mobile Snatching","night","Monday","7","1","24.821","67.021","medium","0.29","0.21"
"117","2024-01-22","kharadar","Kharadar","Kidnapping","night","Monday","9","2","24.846","67.004","medium","0.5","0.4"
"118","2024-01-22","site-area","SITE Area","Assault","day","Monday","9","3","24.936","67","medium","0.61","0.5"
"119","2024-01-22","banaras","Banaras","Bike Snatching","day","Monday","9","3","24.972","67.013","medium","0.65","0.53"
"120","2024-01-22","mehmoodabad","Mehmoodabad","Fraud","night","Monday","9","2","24.8465","67.0588","high","0.47","0.37"
"121","2024-01-29","clifton","Clifton","Bike Snatching","night","Monday","4","1","24.8138","67.0306","high","0.28","0.22"
"122","2024-01-29","dha","DHA","Robbery","night","Monday","4","1","24.8055","67.0672","high","0.25","0.19"
"123","2024-01-29","saddar","Saddar","Kidnapping","night","Monday","8","3","24.8547","67.0268","high","0.52","0.44"
"124","2024-01-29","gulshan","Gulshan","Burglary","day","Monday","4","2","24.9207","67.0862","high","0.41","0.33"
"125","2024-01-29","gulistan-e-johar","Gulistan-e-Johar","Burglary","day","Monday","4","2","24.92","67.1344","high","0.43","0.35"
"126","2024-01-29","nazimabad","Nazimabad","Mobile Snatching","day","Monday","4","2","24.9262","67.0407","high","0.47","0.38"
"127","2024-01-29","north-nazimabad","North Nazimabad","Mobile Snatching","night","Monday","4","1","24.9388","67.0453","medium","0.34","0.28"
"128","2024-01-29","lyari","Lyari","Kidnapping","night","Monday","8","3","24.8607","66.9904","medium","0.68","0.52"
"129","2024-01-29","malir","Malir","Bike Snatching","day","Monday","4","2","24.8937","67.1984","high","0.49","0.41"
"130","2024-01-29","korangi","Korangi","Drug Offense","day","Monday","4","2","24.8323","67.1474","high","0.51","0.43"
"131","2024-01-29","landhi","Landhi","Fraud","night","Monday","8","3","24.84","67.19","high","0.58","0.46"
"132","2024-01-29","orangi-town","Orangi Town","Bike Snatching","night","Monday","8","3","24.9519","66.9698","high","0.69","0.55"
"133","2024-01-29","baldia-town","Baldia Town","Fraud","night","Monday","8","3","24.9383","66.9448","high","0.66","0.53"
"134","2024-01-29","keamari","Keamari","Fraud","night","Monday","8","3","24.815","66.975","medium","0.63","0.5"
"135","2024-01-29","garden","Garden","Drug Offense","day","Monday","4","2","24.8733","67.0167","medium","0.46","0.37"
"136","2024-01-29","fb-area","FB Area","Burglary","day","Monday","4","2","24.933","67.07","high","0.39","0.31"
"137","2024-01-29","gulberg","Gulberg","Vehicle Theft","day","Monday","4","2","24.905","67.05","high","0.44","0.36"
"138","2024-01-29","shah-faisal","Shah Faisal","Robbery","day","Monday","4","2","24.884","67.162","high","0.48","0.39"
"139","2024-01-29","pechs","PECHS","Drug Offense","night","Monday","4","1","24.8775","67.0746","high","0.31","0.24"
"140","2024-01-29","jamshed-town","Jamshed Town","Bike Snatching","day","Monday","4","2","24.879","67.058","high","0.42","0.34"
"141","2024-01-29","surjani-town","Surjani Town","Kidnapping","night","Monday","8","3","25.002","67.066","high","0.62","0.49"
"142","2024-01-29","new-karachi","New Karachi","Burglary","night","Monday","8","3","24.985","67.062","high","0.6","0.48"
"143","2024-01-29","scheme-33","Scheme 33","Street Crime","day","Monday","4","2","24.956","67.153","medium","0.45","0.36"
"144","2024-01-29","sohrab-goth","Sohrab Goth","Assault","night","Monday","8","3","25.001","67.122","medium","0.64","0.51"
"145","2024-01-29","sakhi-hasan","Sakhi Hasan","Assault","day","Monday","4","2","24.955","67.064","medium","0.41","0.33"
"146","2024-01-29","defence-view","Defence View","Vehicle Theft","night","Monday","4","1","24.821","67.021","medium","0.29","0.21"
"147","2024-01-29","kharadar","Kharadar","Street Crime","day","Monday","4","2","24.846","67.004","medium","0.5","0.4"
"148","2024-01-29","site-area","SITE Area","Drug Offense","night","Monday","8","3","24.936","67","medium","0.61","0.5"
"149","2024-01-29","banaras","Banaras","Burglary","night","Monday","8","3","24.972","67.013","medium","0.65","0.53"
"150","2024-01-29","mehmoodabad","Mehmoodabad","Kidnapping","day","Monday","4","2","24.8465","67.0588","high","0.47","0.37"
"151","2024-02-05","clifton","Clifton","Burglary","day","Monday","3","1","24.8138","67.0306","high","0.28","0.22"
"152","2024-02-05","dha","DHA","Assault","day","Monday","3","1","24.8055","67.0672","high","0.25","0.19"
"153","2024-02-05","saddar","Saddar","Street Crime","night","Monday","9","3","24.8547","67.0268","high","0.52","0.44"
"154","2024-02-05","gulshan","Gulshan","Robbery","night","Monday","7","2","24.9207","67.0862","high","0.41","0.33"
"155","2024-02-05","gulistan-e-johar","Gulistan-e-Johar","Robbery","night","Monday","7","2","24.92","67.1344","high","0.43","0.35"
"156","2024-02-05","nazimabad","Nazimabad","Vehicle Theft","night","Monday","7","2","24.9262","67.0407","high","0.47","0.38"
"157","2024-02-05","north-nazimabad","North Nazimabad","Vehicle Theft","day","Monday","3","1","24.9388","67.0453","medium","0.34","0.28"
"158","2024-02-05","lyari","Lyari","Street Crime","night","Monday","9","3","24.8607","66.9904","medium","0.68","0.52"
"159","2024-02-05","malir","Malir","Burglary","night","Monday","7","2","24.8937","67.1984","high","0.49","0.41"
"160","2024-02-05","korangi","Korangi","Fraud","night","Monday","7","2","24.8323","67.1474","high","0.51","0.43"
"161","2024-02-05","landhi","Landhi","Kidnapping","night","Monday","9","3","24.84","67.19","high","0.58","0.46"
"162","2024-02-05","orangi-town","Orangi Town","Burglary","night","Monday","9","3","24.9519","66.9698","high","0.69","0.55"
"163","2024-02-05","baldia-town","Baldia Town","Kidnapping","night","Monday","9","3","24.9383","66.9448","high","0.66","0.53"
"164","2024-02-05","keamari","Keamari","Kidnapping","night","Monday","9","3","24.815","66.975","medium","0.63","0.5"
"165","2024-02-05","garden","Garden","Fraud","night","Monday","7","2","24.8733","67.0167","medium","0.46","0.37"
"166","2024-02-05","fb-area","FB Area","Robbery","night","Monday","7","2","24.933","67.07","high","0.39","0.31"
"167","2024-02-05","gulberg","Gulberg","Bike Snatching","night","Monday","7","2","24.905","67.05","high","0.44","0.36"
"168","2024-02-05","shah-faisal","Shah Faisal","Assault","night","Monday","7","2","24.884","67.162","high","0.48","0.39"
"169","2024-02-05","pechs","PECHS","Fraud","day","Monday","3","1","24.8775","67.0746","high","0.31","0.24"
"170","2024-02-05","jamshed-town","Jamshed Town","Burglary","night","Monday","7","2","24.879","67.058","high","0.42","0.34"
"171","2024-02-05","surjani-town","Surjani Town","Street Crime","night","Monday","9","3","25.002","67.066","high","0.62","0.49"
"172","2024-02-05","new-karachi","New Karachi","Robbery","night","Monday","9","3","24.985","67.062","high","0.6","0.48"
"173","2024-02-05","scheme-33","Scheme 33","Mobile Snatching","night","Monday","7","2","24.956","67.153","medium","0.45","0.36"
"174","2024-02-05","sohrab-goth","Sohrab Goth","Drug Offense","night","Monday","9","3","25.001","67.122","medium","0.64","0.51"
"175","2024-02-05","sakhi-hasan","Sakhi Hasan","Drug Offense","night","Monday","7","2","24.955","67.064","medium","0.41","0.33"
"176","2024-02-05","defence-view","Defence View","Bike Snatching","day","Monday","3","1","24.821","67.021","medium","0.29","0.21"
"177","2024-02-05","kharadar","Kharadar","Mobile Snatching","night","Monday","7","2","24.846","67.004","medium","0.5","0.4"
"178","2024-02-05","site-area","SITE Area","Fraud","night","Monday","9","3","24.936","67","medium","0.61","0.5"
"179","2024-02-05","banaras","Banaras","Robbery","night","Monday","9","3","24.972","67.013","medium","0.65","0.53"
"180","2024-02-05","mehmoodabad","Mehmoodabad","Street Crime","night","Monday","7","2","24.8465","67.0588","high","0.47","0.37"
"181","2024-02-12","clifton","Clifton","Robbery","night","Monday","6","1","24.8138","67.0306","high","0.28","0.22"
"182","2024-02-12","dha","DHA","Drug Offense","night","Monday","6","1","24.8055","67.0672","high","0.25","0.19"
"183","2024-02-12","saddar","Saddar","Mobile Snatching","day","Monday","8","3","24.8547","67.0268","high","0.52","0.44"
"184","2024-02-12","gulshan","Gulshan","Assault","night","Monday","8","2","24.9207","67.0862","high","0.41","0.33"
"185","2024-02-12","gulistan-e-johar","Gulistan-e-Johar","Assault","night","Monday","8","2","24.92","67.1344","high","0.43","0.35"
"186","2024-02-12","nazimabad","Nazimabad","Bike Snatching","night","Monday","8","2","24.9262","67.0407","high","0.47","0.38"
"187","2024-02-12","north-nazimabad","North Nazimabad","Bike Snatching","night","Monday","6","1","24.9388","67.0453","medium","0.34","0.28"
"188","2024-02-12","lyari","Lyari","Mobile Snatching","day","Monday","8","3","24.8607","66.9904","medium","0.68","0.52"
"189","2024-02-12","malir","Malir","Robbery","night","Monday","8","2","24.8937","67.1984","high","0.49","0.41"
"190","2024-02-12","korangi","Korangi","Kidnapping","night","Monday","8","2","24.8323","67.1474","high","0.51","0.43"
"191","2024-02-12","landhi","Landhi","Street Crime","day","Monday","8","3","24.84","67.19","high","0.58","0.46"
"192","2024-02-12","orangi-town","Orangi Town","Robbery","day","Monday","8","3","24.9519","66.9698","high","0.69","0.55"
"193","2024-02-12","baldia-town","Baldia Town","Street Crime","day","Monday","8","3","24.9383","66.9448","high","0.66","0.53"
"194","2024-02-12","keamari","Keamari","Street Crime","day","Monday","8","3","24.815","66.975","medium","0.63","0.5"
"195","2024-02-12","garden","Garden","Kidnapping","night","Monday","8","2","24.8733","67.0167","medium","0.46","0.37"
"196","2024-02-12","fb-area","FB Area","Assault","night","Monday","8","2","24.933","67.07","high","0.39","0.31"
"197","2024-02-12","gulberg","Gulberg","Burglary","night","Monday","8","2","24.905","67.05","high","0.44","0.36"
"198","2024-02-12","shah-faisal","Shah Faisal","Drug Offense","night","Monday","8","2","24.884","67.162","high","0.48","0.39"
"199","2024-02-12","pechs","PECHS","Kidnapping","night","Monday","6","1","24.8775","67.0746","high","0.31","0.24"
"200","2024-02-12","jamshed-town","Jamshed Town","Robbery","night","Monday","8","2","24.879","67.058","high","0.42","0.34"
"201","2024-02-12","surjani-town","Surjani Town","Mobile Snatching","day","Monday","8","3","25.002","67.066","high","0.62","0.49"
"202","2024-02-12","new-karachi","New Karachi","Assault","day","Monday","8","3","24.985","67.062","high","0.6","0.48"
"203","2024-02-12","scheme-33","Scheme 33","Vehicle Theft","night","Monday","8","2","24.956","67.153","medium","0.45","0.36"
"204","2024-02-12","sohrab-goth","Sohrab Goth","Fraud","day","Monday","8","3","25.001","67.122","medium","0.64","0.51"
"205","2024-02-12","sakhi-hasan","Sakhi Hasan","Fraud","night","Monday","8","2","24.955","67.064","medium","0.41","0.33"
"206","2024-02-12","defence-view","Defence View","Burglary","night","Monday","6","1","24.821","67.021","medium","0.29","0.21"
"207","2024-02-12","kharadar","Kharadar","Vehicle Theft","night","Monday","8","2","24.846","67.004","medium","0.5","0.4"
"208","2024-02-12","site-area","SITE Area","Kidnapping","day","Monday","8","3","24.936","67","medium","0.61","0.5"
"209","2024-02-12","banaras","Banaras","Assault","day","Monday","8","3","24.972","67.013","medium","0.65","0.53"
"210","2024-02-12","mehmoodabad","Mehmoodabad","Mobile Snatching","night","Monday","8","2","24.8465","67.0588","high","0.47","0.37"
"211","2024-02-19","clifton","Clifton","Assault","night","Monday","7","1","24.8138","67.0306","high","0.28","0.22"
"212","2024-02-19","dha","DHA","Fraud","night","Monday","7","1","24.8055","67.0672","high","0.25","0.19"
"213","2024-02-19","saddar","Saddar","Vehicle Theft","night","Monday","11","3","24.8547","67.0268","high","0.52","0.44"
"214","2024-02-19","gulshan","Gulshan","Drug Offense","day","Monday","7","2","24.9207","67.0862","high","0.41","0.33"
"215","2024-02-19","gulistan-e-johar","Gulistan-e-Johar","Drug Offense","day","Monday","7","2","24.92","67.1344","high","0.43","0.35"
"216","2024-02-19","nazimabad","Nazimabad","Burglary","day","Monday","7","2","24.9262","67.0407","high","0.47","0.38"
"217","2024-02-19","north-nazimabad","North Nazimabad","Burglary","night","Monday","7","1","24.9388","67.0453","medium","0.34","0.28"
"218","2024-02-19","lyari","Lyari","Vehicle Theft","night","Monday","11","3","24.8607","66.9904","medium","0.68","0.52"
"219","2024-02-19","malir","Malir","Assault","day","Monday","7","2","24.8937","67.1984","high","0.49","0.41"
"220","2024-02-19","korangi","Korangi","Street Crime","day","Monday","7","2","24.8323","67.1474","high","0.51","0.43"
"221","2024-02-19","landhi","Landhi","Mobile Snatching","night","Monday","11","3","24.84","67.19","high","0.58","0.46"
"222","2024-02-19","orangi-town","Orangi Town","Assault","night","Monday","11","3","24.9519","66.9698","high","0.69","0.55"
"223","2024-02-19","baldia-town","Baldia Town","Mobile Snatching","night","Monday","11","3","24.9383","66.9448","high","0.66","0.53"
"224","2024-02-19","keamari","Keamari","Mobile Snatching","night","Monday","11","3","24.815","66.975","medium","0.63","0.5"
"225","2024-02-19","garden","Garden","Street Crime","day","Monday","7","2","24.8733","67.0167","medium","0.46","0.37"
"226","2024-02-19","fb-area","FB Area","Drug Offense","day","Monday","7","2","24.933","67.07","high","0.39","0.31"
"227","2024-02-19","gulberg","Gulberg","Robbery","day","Monday","7","2","24.905","67.05","high","0.44","0.36"
"228","2024-02-19","shah-faisal","Shah Faisal","Fraud","day","Monday","7","2","24.884","67.162","high","0.48","0.39"
"229","2024-02-19","pechs","PECHS","Street Crime","night","Monday","7","1","24.8775","67.0746","high","0.31","0.24"
"230","2024-02-19","jamshed-town","Jamshed Town","Assault","day","Monday","7","2","24.879","67.058","high","0.42","0.34"
"231","2024-02-19","surjani-town","Surjani Town","Vehicle Theft","night","Monday","11","3","25.002","67.066","high","0.62","0.49"
"232","2024-02-19","new-karachi","New Karachi","Drug Offense","night","Monday","11","3","24.985","67.062","high","0.6","0.48"
"233","2024-02-19","scheme-33","Scheme 33","Bike Snatching","day","Monday","7","2","24.956","67.153","medium","0.45","0.36"
"234","2024-02-19","sohrab-goth","Sohrab Goth","Kidnapping","night","Monday","11","3","25.001","67.122","medium","0.64","0.51"
"235","2024-02-19","sakhi-hasan","Sakhi Hasan","Kidnapping","day","Monday","7","2","24.955","67.064","medium","0.41","0.33"
"236","2024-02-19","defence-view","Defence View","Robbery","night","Monday","7","1","24.821","67.021","medium","0.29","0.21"
"237","2024-02-19","kharadar","Kharadar","Bike Snatching","day","Monday","7","2","24.846","67.004","medium","0.5","0.4"
"238","2024-02-19","site-area","SITE Area","Street Crime","night","Monday","11","3","24.936","67","medium","0.61","0.5"
"239","2024-02-19","banaras","Banaras","Drug Offense","night","Monday","11","3","24.972","67.013","medium","0.65","0.53"
"240","2024-02-19","mehmoodabad","Mehmoodabad","Vehicle Theft","day","Monday","7","2","24.8465","67.0588","high","0.47","0.37"
"241","2024-02-26","clifton","Clifton","Drug Offense","day","Monday","2","1","24.8138","67.0306","high","0.28","0.22"
"242","2024-02-26","dha","DHA","Kidnapping","day","Monday","2","1","24.8055","67.0672","high","0.25","0.19"
"243","2024-02-26","saddar","Saddar","Bike Snatching","night","Monday","8","3","24.8547","67.0268","high","0.52","0.44"
"244","2024-02-26","gulshan","Gulshan","Fraud","night","Monday","6","2","24.9207","67.0862","high","0.41","0.33"
"245","2024-02-26","gulistan-e-johar","Gulistan-e-Johar","Fraud","night","Monday","6","2","24.92","67.1344","high","0.43","0.35"
"246","2024-02-26","nazimabad","Nazimabad","Robbery","night","Monday","6","2","24.9262","67.0407","high","0.47","0.38"
"247","2024-02-26","north-nazimabad","North Nazimabad","Robbery","day","Monday","2","1","24.9388","67.0453","medium","0.34","0.28"
"248","2024-02-26","lyari","Lyari","Bike Snatching","night","Monday","8","3","24.8607","66.9904","medium","0.68","0.52"
"249","2024-02-26","malir","Malir","Drug Offense","night","Monday","6","2","24.8937","67.1984","high","0.49","0.41"
"250","2024-02-26","korangi","Korangi","Mobile Snatching","night","Monday","6","2","24.8323","67.1474","high","0.51","0.43"
"251","2024-02-26","landhi","Landhi","Vehicle Theft","night","Monday","8","3","24.84","67.19","high","0.58","0.46"
"252","2024-02-26","orangi-town","Orangi Town","Drug Offense","night","Monday","8","3","24.9519","66.9698","high","0.69","0.55"
"253","2024-02-26","baldia-town","Baldia Town","Vehicle Theft","night","Monday","8","3","24.9383","66.9448","high","0.66","0.53"
"254","2024-02-26","keamari","Keamari","Vehicle Theft","night","Monday","8","3","24.815","66.975","medium","0.63","0.5"
"255","2024-02-26","garden","Garden","Mobile Snatching","night","Monday","6","2","24.8733","67.0167","medium","0.46","0.37"
"256","2024-02-26","fb-area","FB Area","Fraud","night","Monday","6","2","24.933","67.07","high","0.39","0.31"
"257","2024-02-26","gulberg","Gulberg","Assault","night","Monday","6","2","24.905","67.05","high","0.44","0.36"
"258","2024-02-26","shah-faisal","Shah Faisal","Kidnapping","night","Monday","6","2","24.884","67.162","high","0.48","0.39"
"259","2024-02-26","pechs","PECHS","Mobile Snatching","day","Monday","2","1","24.8775","67.0746","high","0.31","0.24"
"260","2024-02-26","jamshed-town","Jamshed Town","Drug Offense","night","Monday","6","2","24.879","67.058","high","0.42","0.34"
"261","2024-02-26","surjani-town","Surjani Town","Bike Snatching","night","Monday","8","3","25.002","67.066","high","0.62","0.49"
"262","2024-02-26","new-karachi","New Karachi","Fraud","night","Monday","8","3","24.985","67.062","high","0.6","0.48"
"263","2024-02-26","scheme-33","Scheme 33","Burglary","night","Monday","6","2","24.956","67.153","medium","0.45","0.36"
"264","2024-02-26","sohrab-goth","Sohrab Goth","Street Crime","night","Monday","8","3","25.001","67.122","medium","0.64","0.51"
"265","2024-02-26","sakhi-hasan","Sakhi Hasan","Street Crime","night","Monday","6","2","24.955","67.064","medium","0.41","0.33"
"266","2024-02-26","defence-view","Defence View","Assault","day","Monday","2","1","24.821","67.021","medium","0.29","0.21"
"267","2024-02-26","kharadar","Kharadar","Burglary","night","Monday","6","2","24.846","67.004","medium","0.5","0.4"
"268","2024-02-26","site-area","SITE Area","Mobile Snatching","night","Monday","8","3","24.936","67","medium","0.61","0.5"
"269","2024-02-26","banaras","Banaras","Fraud","night","Monday","8","3","24.972","67.013","medium","0.65","0.53"
"270","2024-02-26","mehmoodabad","Mehmoodabad","Bike Snatching","night","Monday","6","2","24.8465","67.0588","high","0.47","0.37"
"271","2024-03-04","clifton","Clifton","Fraud","night","Monday","5","1","24.8138","67.0306","high","0.28","0.22"
"272","2024-03-04","dha","DHA","Street Crime","night","Monday","5","1","24.8055","67.0672","high","0.25","0.19"
"273","2024-03-04","saddar","Saddar","Burglary","day","Monday","7","3","24.8547","67.0268","high","0.52","0.44"
"274","2024-03-04","gulshan","Gulshan","Kidnapping","night","Monday","7","2","24.9207","67.0862","high","0.41","0.33"
"275","2024-03-04","gulistan-e-johar","Gulistan-e-Johar","Kidnapping","night","Monday","7","2","24.92","67.1344","high","0.43","0.35"
"276","2024-03-04","nazimabad","Nazimabad","Assault","night","Monday","7","2","24.9262","67.0407","high","0.47","0.38"
"277","2024-03-04","north-nazimabad","North Nazimabad","Assault","night","Monday","5","1","24.9388","67.0453","medium","0.34","0.28"
"278","2024-03-04","lyari","Lyari","Burglary","day","Monday","7","3","24.8607","66.9904","medium","0.68","0.52"
"279","2024-03-04","malir","Malir","Fraud","night","Monday","7","2","24.8937","67.1984","high","0.49","0.41"
"280","2024-03-04","korangi","Korangi","Vehicle Theft","night","Monday","7","2","24.8323","67.1474","high","0.51","0.43"
"281","2024-03-04","landhi","Landhi","Bike Snatching","day","Monday","7","3","24.84","67.19","high","0.58","0.46"
"282","2024-03-04","orangi-town","Orangi Town","Fraud","day","Monday","7","3","24.9519","66.9698","high","0.69","0.55"
"283","2024-03-04","baldia-town","Baldia Town","Bike Snatching","day","Monday","7","3","24.9383","66.9448","high","0.66","0.53"
"284","2024-03-04","keamari","Keamari","Bike Snatching","day","Monday","7","3","24.815","66.975","medium","0.63","0.5"
"285","2024-03-04","garden","Garden","Vehicle Theft","night","Monday","7","2","24.8733","67.0167","medium","0.46","0.37"
"286","2024-03-04","fb-area","FB Area","Kidnapping","night","Monday","7","2","24.933","67.07","high","0.39","0.31"
"287","2024-03-04","gulberg","Gulberg","Drug Offense","night","Monday","7","2","24.905","67.05","high","0.44","0.36"
"288","2024-03-04","shah-faisal","Shah Faisal","Street Crime","night","Monday","7","2","24.884","67.162","high","0.48","0.39"
"289","2024-03-04","pechs","PECHS","Vehicle Theft","night","Monday","5","1","24.8775","67.0746","high","0.31","0.24"
"290","2024-03-04","jamshed-town","Jamshed Town","Fraud","night","Monday","7","2","24.879","67.058","high","0.42","0.34"
"291","2024-03-04","surjani-town","Surjani Town","Burglary","day","Monday","7","3","25.002","67.066","high","0.62","0.49"
"292","2024-03-04","new-karachi","New Karachi","Kidnapping","day","Monday","7","3","24.985","67.062","high","0.6","0.48"
"293","2024-03-04","scheme-33","Scheme 33","Robbery","night","Monday","7","2","24.956","67.153","medium","0.45","0.36"
"294","2024-03-04","sohrab-goth","Sohrab Goth","Mobile Snatching","day","Monday","7","3","25.001","67.122","medium","0.64","0.51"
"295","2024-03-04","sakhi-hasan","Sakhi Hasan","Mobile Snatching","night","Monday","7","2","24.955","67.064","medium","0.41","0.33"
"296","2024-03-04","defence-view","Defence View","Drug Offense","night","Monday","5","1","24.821","67.021","medium","0.29","0.21"
"297","2024-03-04","kharadar","Kharadar","Robbery","night","Monday","7","2","24.846","67.004","medium","0.5","0.4"
"298","2024-03-04","site-area","SITE Area","Vehicle Theft","day","Monday","7","3","24.936","67","medium","0.61","0.5"
"299","2024-03-04","banaras","Banaras","Kidnapping","day","Monday","7","3","24.972","67.013","medium","0.65","0.53"
"300","2024-03-04","mehmoodabad","Mehmoodabad","Burglary","night","Monday","7","2","24.8465","67.0588","high","0.47","0.37"
"301","2024-03-11","clifton","Clifton","Kidnapping","night","Monday","6","1","24.8138","67.0306","high","0.28","0.22"
"302","2024-03-11","dha","DHA","Mobile Snatching","night","Monday","6","1","24.8055","67.0672","high","0.25","0.19"
"303","2024-03-11","saddar","Saddar","Robbery","night","Monday","10","3","24.8547","67.0268","high","0.52","0.44"
"304","2024-03-11","gulshan","Gulshan","Street Crime","day","Monday","6","2","24.9207","67.0862","high","0.41","0.33"
"305","2024-03-11","gulistan-e-johar","Gulistan-e-Johar","Street Crime","day","Monday","6","2","24.92","67.1344","high","0.43","0.35"
"306","2024-03-11","nazimabad","Nazimabad","Drug Offense","day","Monday","6","2","24.9262","67.0407","high","0.47","0.38"
"307","2024-03-11","north-nazimabad","North Nazimabad","Drug Offense","night","Monday","6","1","24.9388","67.0453","medium","0.34","0.28"
"308","2024-03-11","lyari","Lyari","Robbery","night","Monday","10","3","24.8607","66.9904","medium","0.68","0.52"
"309","2024-03-11","malir","Malir","Kidnapping","day","Monday","6","2","24.8937","67.1984","high","0.49","0.41"
"310","2024-03-11","korangi","Korangi","Bike Snatching","day","Monday","6","2","24.8323","67.1474","high","0.51","0.43"
"311","2024-03-11","landhi","Landhi","Burglary","night","Monday","10","3","24.84","67.19","high","0.58","0.46"
"312","2024-03-11","orangi-town","Orangi Town","Kidnapping","night","Monday","10","3","24.9519","66.9698","high","0.69","0.55"
"313","2024-03-11","baldia-town","Baldia Town","Burglary","night","Monday","10","3","24.9383","66.9448","high","0.66","0.53"
"314","2024-03-11","keamari","Keamari","Burglary","night","Monday","10","3","24.815","66.975","medium","0.63","0.5"
"315","2024-03-11","garden","Garden","Bike Snatching","day","Monday","6","2","24.8733","67.0167","medium","0.46","0.37"
"316","2024-03-11","fb-area","FB Area","Street Crime","day","Monday","6","2","24.933","67.07","high","0.39","0.31"
"317","2024-03-11","gulberg","Gulberg","Fraud","day","Monday","6","2","24.905","67.05","high","0.44","0.36"
"318","2024-03-11","shah-faisal","Shah Faisal","Mobile Snatching","day","Monday","6","2","24.884","67.162","high","0.48","0.39"
"319","2024-03-11","pechs","PECHS","Bike Snatching","night","Monday","6","1","24.8775","67.0746","high","0.31","0.24"
"320","2024-03-11","jamshed-town","Jamshed Town","Kidnapping","day","Monday","6","2","24.879","67.058","high","0.42","0.34"
"321","2024-03-11","surjani-town","Surjani Town","Robbery","night","Monday","10","3","25.002","67.066","high","0.62","0.49"
"322","2024-03-11","new-karachi","New Karachi","Street Crime","night","Monday","10","3","24.985","67.062","high","0.6","0.48"
"323","2024-03-11","scheme-33","Scheme 33","Assault","day","Monday","6","2","24.956","67.153","medium","0.45","0.36"
"324","2024-03-11","sohrab-goth","Sohrab Goth","Vehicle Theft","night","Monday","10","3","25.001","67.122","medium","0.64","0.51"
"325","2024-03-11","sakhi-hasan","Sakhi Hasan","Vehicle Theft","day","Monday","6","2","24.955","67.064","medium","0.41","0.33"
"326","2024-03-11","defence-view","Defence View","Fraud","night","Monday","6","1","24.821","67.021","medium","0.29","0.21"
"327","2024-03-11","kharadar","Kharadar","Assault","day","Monday","6","2","24.846","67.004","medium","0.5","0.4"
"328","2024-03-11","site-area","SITE Area","Bike Snatching","night","Monday","10","3","24.936","67","medium","0.61","0.5"
"329","2024-03-11","banaras","Banaras","Street Crime","night","Monday","10","3","24.972","67.013","medium","0.65","0.53"
"330","2024-03-11","mehmoodabad","Mehmoodabad","Robbery","day","Monday","6","2","24.8465","67.0588","high","0.47","0.37"
"331","2024-03-18","clifton","Clifton","Street Crime","day","Monday","5","1","24.8138","67.0306","high","0.28","0.22"
"332","2024-03-18","dha","DHA","Vehicle Theft","day","Monday","5","1","24.8055","67.0672","high","0.25","0.19"
"333","2024-03-18","saddar","Saddar","Assault","night","Monday","11","3","24.8547","67.0268","high","0.52","0.44"
"334","2024-03-18","gulshan","Gulshan","Mobile Snatching","night","Monday","9","2","24.9207","67.0862","high","0.41","0.33"
"335","2024-03-18","gulistan-e-johar","Gulistan-e-Johar","Mobile Snatching","night","Monday","9","2","24.92","67.1344","high","0.43","0.35"
"336","2024-03-18","nazimabad","Nazimabad","Fraud","night","Monday","9","2","24.9262","67.0407","high","0.47","0.38"
"337","2024-03-18","north-nazimabad","North Nazimabad","Fraud","day","Monday","5","1","24.9388","67.0453","medium","0.34","0.28"
"338","2024-03-18","lyari","Lyari","Assault","night","Monday","11","3","24.8607","66.9904","medium","0.68","0.52"
"339","2024-03-18","malir","Malir","Street Crime","night","Monday","9","2","24.8937","67.1984","high","0.49","0.41"
"340","2024-03-18","korangi","Korangi","Burglary","night","Monday","9","2","24.8323","67.1474","high","0.51","0.43"
"341","2024-03-18","landhi","Landhi","Robbery","night","Monday","11","3","24.84","67.19","high","0.58","0.46"
"342","2024-03-18","orangi-town","Orangi Town","Street Crime","night","Monday","11","3","24.9519","66.9698","high","0.69","0.55"
"343","2024-03-18","baldia-town","Baldia Town","Robbery","night","Monday","11","3","24.9383","66.9448","high","0.66","0.53"
"344","2024-03-18","keamari","Keamari","Robbery","night","Monday","11","3","24.815","66.975","medium","0.63","0.5"
"345","2024-03-18","garden","Garden","Burglary","night","Monday","9","2","24.8733","67.0167","medium","0.46","0.37"
"346","2024-03-18","fb-area","FB Area","Mobile Snatching","night","Monday","9","2","24.933","67.07","high","0.39","0.31"
"347","2024-03-18","gulberg","Gulberg","Kidnapping","night","Monday","9","2","24.905","67.05","high","0.44","0.36"
"348","2024-03-18","shah-faisal","Shah Faisal","Vehicle Theft","night","Monday","9","2","24.884","67.162","high","0.48","0.39"
"349","2024-03-18","pechs","PECHS","Burglary","day","Monday","5","1","24.8775","67.0746","high","0.31","0.24"
"350","2024-03-18","jamshed-town","Jamshed Town","Street Crime","night","Monday","9","2","24.879","67.058","high","0.42","0.34"
"351","2024-03-18","surjani-town","Surjani Town","Assault","night","Monday","11","3","25.002","67.066","high","0.62","0.49"
"352","2024-03-18","new-karachi","New Karachi","Mobile Snatching","night","Monday","11","3","24.985","67.062","high","0.6","0.48"
"353","2024-03-18","scheme-33","Scheme 33","Drug Offense","night","Monday","9","2","24.956","67.153","medium","0.45","0.36"
"354","2024-03-18","sohrab-goth","Sohrab Goth","Bike Snatching","night","Monday","11","3","25.001","67.122","medium","0.64","0.51"
"355","2024-03-18","sakhi-hasan","Sakhi Hasan","Bike Snatching","night","Monday","9","2","24.955","67.064","medium","0.41","0.33"
"356","2024-03-18","defence-view","Defence View","Kidnapping","day","Monday","5","1","24.821","67.021","medium","0.29","0.21"
"357","2024-03-18","kharadar","Kharadar","Drug Offense","night","Monday","9","2","24.846","67.004","medium","0.5","0.4"
"358","2024-03-18","site-area","SITE Area","Burglary","night","Monday","11","3","24.936","67","medium","0.61","0.5"
"359","2024-03-18","banaras","Banaras","Mobile Snatching","night","Monday","11","3","24.972","67.013","medium","0.65","0.53"
"360","2024-03-18","mehmoodabad","Mehmoodabad","Assault","night","Monday","9","2","24.8465","67.0588","high","0.47","0.37"
"361","2024-03-25","clifton","Clifton","Mobile Snatching","night","Monday","4","1","24.8138","67.0306","high","0.28","0.22"
"362","2024-03-25","dha","DHA","Bike Snatching","night","Monday","4","1","24.8055","67.0672","high","0.25","0.19"
"363","2024-03-25","saddar","Saddar","Drug Offense","day","Monday","6","3","24.8547","67.0268","high","0.52","0.44"
"364","2024-03-25","gulshan","Gulshan","Vehicle Theft","night","Monday","6","2","24.9207","67.0862","high","0.41","0.33"
"365","2024-03-25","gulistan-e-johar","Gulistan-e-Johar","Vehicle Theft","night","Monday","6","2","24.92","67.1344","high","0.43","0.35"
"366","2024-03-25","nazimabad","Nazimabad","Kidnapping","night","Monday","6","2","24.9262","67.0407","high","0.47","0.38"
"367","2024-03-25","north-nazimabad","North Nazimabad","Kidnapping","night","Monday","4","1","24.9388","67.0453","medium","0.34","0.28"
"368","2024-03-25","lyari","Lyari","Drug Offense","day","Monday","6","3","24.8607","66.9904","medium","0.68","0.52"
"369","2024-03-25","malir","Malir","Mobile Snatching","night","Monday","6","2","24.8937","67.1984","high","0.49","0.41"
"370","2024-03-25","korangi","Korangi","Robbery","night","Monday","6","2","24.8323","67.1474","high","0.51","0.43"
"371","2024-03-25","landhi","Landhi","Assault","day","Monday","6","3","24.84","67.19","high","0.58","0.46"
"372","2024-03-25","orangi-town","Orangi Town","Mobile Snatching","day","Monday","6","3","24.9519","66.9698","high","0.69","0.55"
"373","2024-03-25","baldia-town","Baldia Town","Assault","day","Monday","6","3","24.9383","66.9448","high","0.66","0.53"
"374","2024-03-25","keamari","Keamari","Assault","day","Monday","6","3","24.815","66.975","medium","0.63","0.5"
"375","2024-03-25","garden","Garden","Robbery","night","Monday","6","2","24.8733","67.0167","medium","0.46","0.37"
"376","2024-03-25","fb-area","FB Area","Vehicle Theft","night","Monday","6","2","24.933","67.07","high","0.39","0.31"
"377","2024-03-25","gulberg","Gulberg","Street Crime","night","Monday","6","2","24.905","67.05","high","0.44","0.36"
"378","2024-03-25","shah-faisal","Shah Faisal","Bike Snatching","night","Monday","6","2","24.884","67.162","high","0.48","0.39"
"379","2024-03-25","pechs","PECHS","Robbery","night","Monday","4","1","24.8775","67.0746","high","0.31","0.24"
"380","2024-03-25","jamshed-town","Jamshed Town","Mobile Snatching","night","Monday","6","2","24.879","67.058","high","0.42","0.34"
"381","2024-03-25","surjani-town","Surjani Town","Drug Offense","day","Monday","6","3","25.002","67.066","high","0.62","0.49"
"382","2024-03-25","new-karachi","New Karachi","Vehicle Theft","day","Monday","6","3","24.985","67.062","high","0.6","0.48"
"383","2024-03-25","scheme-33","Scheme 33","Fraud","night","Monday","6","2","24.956","67.153","medium","0.45","0.36"
"384","2024-03-25","sohrab-goth","Sohrab Goth","Burglary","day","Monday","6","3","25.001","67.122","medium","0.64","0.51"
"385","2024-03-25","sakhi-hasan","Sakhi Hasan","Burglary","night","Monday","6","2","24.955","67.064","medium","0.41","0.33"
"386","2024-03-25","defence-view","Defence View","Street Crime","night","Monday","4","1","24.821","67.021","medium","0.29","0.21"
"387","2024-03-25","kharadar","Kharadar","Fraud","night","Monday","6","2","24.846","67.004","medium","0.5","0.4"
"388","2024-03-25","site-area","SITE Area","Robbery","day","Monday","6","3","24.936","67","medium","0.61","0.5"
"389","2024-03-25","banaras","Banaras","Vehicle Theft","day","Monday","6","3","24.972","67.013","medium","0.65","0.53"
"390","2024-03-25","mehmoodabad","Mehmoodabad","Drug Offense","night","Monday","6","2","24.8465","67.0588","high","0.47","0.37"
"391","2024-04-01","clifton","Clifton","Vehicle Theft","night","Monday","5","1","24.8138","67.0306","high","0.28","0.22"
"392","2024-04-01","dha","DHA","Burglary","night","Monday","5","1","24.8055","67.0672","high","0.25","0.19"
"393","2024-04-01","saddar","Saddar","Fraud","night","Monday","9","3","24.8547","67.0268","high","0.52","0.44"
"394","2024-04-01","gulshan","Gulshan","Bike Snatching","day","Monday","5","2","24.9207","67.0862","high","0.41","0.33"
"395","2024-04-01","gulistan-e-johar","Gulistan-e-Johar","Bike Snatching","day","Monday","5","2","24.92","67.1344","high","0.43","0.35"
"396","2024-04-01","nazimabad","Nazimabad","Street Crime","day","Monday","5","2","24.9262","67.0407","high","0.47","0.38"
"397","2024-04-01","north-nazimabad","North Nazimabad","Street Crime","night","Monday","5","1","24.9388","67.0453","medium","0.34","0.28"
"398","2024-04-01","lyari","Lyari","Fraud","night","Monday","9","3","24.8607","66.9904","medium","0.68","0.52"
"399","2024-04-01","malir","Malir","Vehicle Theft","day","Monday","5","2","24.8937","67.1984","high","0.49","0.41"
"400","2024-04-01","korangi","Korangi","Assault","day","Monday","5","2","24.8323","67.1474","high","0.51","0.43"
"401","2024-04-01","landhi","Landhi","Drug Offense","night","Monday","9","3","24.84","67.19","high","0.58","0.46"
"402","2024-04-01","orangi-town","Orangi Town","Vehicle Theft","night","Monday","9","3","24.9519","66.9698","high","0.69","0.55"
"403","2024-04-01","baldia-town","Baldia Town","Drug Offense","night","Monday","9","3","24.9383","66.9448","high","0.66","0.53"
"404","2024-04-01","keamari","Keamari","Drug Offense","night","Monday","9","3","24.815","66.975","medium","0.63","0.5"
"405","2024-04-01","garden","Garden","Assault","day","Monday","5","2","24.8733","67.0167","medium","0.46","0.37"
"406","2024-04-01","fb-area","FB Area","Bike Snatching","day","Monday","5","2","24.933","67.07","high","0.39","0.31"
"407","2024-04-01","gulberg","Gulberg","Mobile Snatching","day","Monday","5","2","24.905","67.05","high","0.44","0.36"
"408","2024-04-01","shah-faisal","Shah Faisal","Burglary","day","Monday","5","2","24.884","67.162","high","0.48","0.39"
"409","2024-04-01","pechs","PECHS","Assault","night","Monday","5","1","24.8775","67.0746","high","0.31","0.24"
"410","2024-04-01","jamshed-town","Jamshed Town","Vehicle Theft","day","Monday","5","2","24.879","67.058","high","0.42","0.34"
"411","2024-04-01","surjani-town","Surjani Town","Fraud","night","Monday","9","3","25.002","67.066","high","0.62","0.49"
"412","2024-04-01","new-karachi","New Karachi","Bike Snatching","night","Monday","9","3","24.985","67.062","high","0.6","0.48"
"413","2024-04-01","scheme-33","Scheme 33","Kidnapping","day","Monday","5","2","24.956","67.153","medium","0.45","0.36"
"414","2024-04-01","sohrab-goth","Sohrab Goth","Robbery","night","Monday","9","3","25.001","67.122","medium","0.64","0.51"
"415","2024-04-01","sakhi-hasan","Sakhi Hasan","Robbery","day","Monday","5","2","24.955","67.064","medium","0.41","0.33"
"416","2024-04-01","defence-view","Defence View","Mobile Snatching","night","Monday","5","1","24.821","67.021","medium","0.29","0.21"
"417","2024-04-01","kharadar","Kharadar","Kidnapping","day","Monday","5","2","24.846","67.004","medium","0.5","0.4"
"418","2024-04-01","site-area","SITE Area","Assault","night","Monday","9","3","24.936","67","medium","0.61","0.5"
"419","2024-04-01","banaras","Banaras","Bike Snatching","night","Monday","9","3","24.972","67.013","medium","0.65","0.53"
"420","2024-04-01","mehmoodabad","Mehmoodabad","Fraud","day","Monday","5","2","24.8465","67.0588","high","0.47","0.37"
"421","2024-04-08","clifton","Clifton","Bike Snatching","day","Monday","4","1","24.8138","67.0306","high","0.28","0.22"
"422","2024-04-08","dha","DHA","Robbery","day","Monday","4","1","24.8055","67.0672","high","0.25","0.19"
"423","2024-04-08","saddar","Saddar","Kidnapping","night","Monday","10","3","24.8547","67.0268","high","0.52","0.44"
"424","2024-04-08","gulshan","Gulshan","Burglary","night","Monday","8","2","24.9207","67.0862","high","0.41","0.33"
"425","2024-04-08","gulistan-e-johar","Gulistan-e-Johar","Burglary","night","Monday","8","2","24.92","67.1344","high","0.43","0.35"
"426","2024-04-08","nazimabad","Nazimabad","Mobile Snatching","night","Monday","8","2","24.9262","67.0407","high","0.47","0.38"
"427","2024-04-08","north-nazimabad","North Nazimabad","Mobile Snatching","day","Monday","4","1","24.9388","67.0453","medium","0.34","0.28"
"428","2024-04-08","lyari","Lyari","Kidnapping","night","Monday","10","3","24.8607","66.9904","medium","0.68","0.52"
"429","2024-04-08","malir","Malir","Bike Snatching","night","Monday","8","2","24.8937","67.1984","high","0.49","0.41"
"430","2024-04-08","korangi","Korangi","Drug Offense","night","Monday","8","2","24.8323","67.1474","high","0.51","0.43"
"431","2024-04-08","landhi","Landhi","Fraud","night","Monday","10","3","24.84","67.19","high","0.58","0.46"
"432","2024-04-08","orangi-town","Orangi Town","Bike Snatching","night","Monday","10","3","24.9519","66.9698","high","0.69","0.55"
"433","2024-04-08","baldia-town","Baldia Town","Fraud","night","Monday","10","3","24.9383","66.9448","high","0.66","0.53"
"434","2024-04-08","keamari","Keamari","Fraud","night","Monday","10","3","24.815","66.975","medium","0.63","0.5"
"435","2024-04-08","garden","Garden","Drug Offense","night","Monday","8","2","24.8733","67.0167","medium","0.46","0.37"
"436","2024-04-08","fb-area","FB Area","Burglary","night","Monday","8","2","24.933","67.07","high","0.39","0.31"
"437","2024-04-08","gulberg","Gulberg","Vehicle Theft","night","Monday","8","2","24.905","67.05","high","0.44","0.36"
"438","2024-04-08","shah-faisal","Shah Faisal","Robbery","night","Monday","8","2","24.884","67.162","high","0.48","0.39"
"439","2024-04-08","pechs","PECHS","Drug Offense","day","Monday","4","1","24.8775","67.0746","high","0.31","0.24"
"440","2024-04-08","jamshed-town","Jamshed Town","Bike Snatching","night","Monday","8","2","24.879","67.058","high","0.42","0.34"
"441","2024-04-08","surjani-town","Surjani Town","Kidnapping","night","Monday","10","3","25.002","67.066","high","0.62","0.49"
"442","2024-04-08","new-karachi","New Karachi","Burglary","night","Monday","10","3","24.985","67.062","high","0.6","0.48"
"443","2024-04-08","scheme-33","Scheme 33","Street Crime","night","Monday","8","2","24.956","67.153","medium","0.45","0.36"
"444","2024-04-08","sohrab-goth","Sohrab Goth","Assault","night","Monday","10","3","25.001","67.122","medium","0.64","0.51"
"445","2024-04-08","sakhi-hasan","Sakhi Hasan","Assault","night","Monday","8","2","24.955","67.064","medium","0.41","0.33"
"446","2024-04-08","defence-view","Defence View","Vehicle Theft","day","Monday","4","1","24.821","67.021","medium","0.29","0.21"
"447","2024-04-08","kharadar","Kharadar","Street Crime","night","Monday","8","2","24.846","67.004","medium","0.5","0.4"
"448","2024-04-08","site-area","SITE Area","Drug Offense","night","Monday","10","3","24.936","67","medium","0.61","0.5"
"449","2024-04-08","banaras","Banaras","Burglary","night","Monday","10","3","24.972","67.013","medium","0.65","0.53"
"450","2024-04-08","mehmoodabad","Mehmoodabad","Kidnapping","night","Monday","8","2","24.8465","67.0588","high","0.47","0.37"
"451","2024-04-15","clifton","Clifton","Burglary","night","Monday","7","1","24.8138","67.0306","high","0.28","0.22"
"452","2024-04-15","dha","DHA","Assault","night","Monday","7","1","24.8055","67.0672","high","0.25","0.19"
"453","2024-04-15","saddar","Saddar","Street Crime","day","Monday","9","3","24.8547","67.0268","high","0.52","0.44"
"454","2024-04-15","gulshan","Gulshan","Robbery","night","Monday","9","2","24.9207","67.0862","high","0.41","0.33"
"455","2024-04-15","gulistan-e-johar","Gulistan-e-Johar","Robbery","night","Monday","9","2","24.92","67.1344","high","0.43","0.35"
"456","2024-04-15","nazimabad","Nazimabad","Vehicle Theft","night","Monday","9","2","24.9262","67.0407","high","0.47","0.38"
"457","2024-04-15","north-nazimabad","North Nazimabad","Vehicle Theft","night","Monday","7","1","24.9388","67.0453","medium","0.34","0.28"
"458","2024-04-15","lyari","Lyari","Street Crime","day","Monday","9","3","24.8607","66.9904","medium","0.68","0.52"
"459","2024-04-15","malir","Malir","Burglary","night","Monday","9","2","24.8937","67.1984","high","0.49","0.41"
"460","2024-04-15","korangi","Korangi","Fraud","night","Monday","9","2","24.8323","67.1474","high","0.51","0.43"
"461","2024-04-15","landhi","Landhi","Kidnapping","day","Monday","9","3","24.84","67.19","high","0.58","0.46"
"462","2024-04-15","orangi-town","Orangi Town","Burglary","day","Monday","9","3","24.9519","66.9698","high","0.69","0.55"
"463","2024-04-15","baldia-town","Baldia Town","Kidnapping","day","Monday","9","3","24.9383","66.9448","high","0.66","0.53"
"464","2024-04-15","keamari","Keamari","Kidnapping","day","Monday","9","3","24.815","66.975","medium","0.63","0.5"
"465","2024-04-15","garden","Garden","Fraud","night","Monday","9","2","24.8733","67.0167","medium","0.46","0.37"
"466","2024-04-15","fb-area","FB Area","Robbery","night","Monday","9","2","24.933","67.07","high","0.39","0.31"
"467","2024-04-15","gulberg","Gulberg","Bike Snatching","night","Monday","9","2","24.905","67.05","high","0.44","0.36"
"468","2024-04-15","shah-faisal","Shah Faisal","Assault","night","Monday","9","2","24.884","67.162","high","0.48","0.39"
"469","2024-04-15","pechs","PECHS","Fraud","night","Monday","7","1","24.8775","67.0746","high","0.31","0.24"
"470","2024-04-15","jamshed-town","Jamshed Town","Burglary","night","Monday","9","2","24.879","67.058","high","0.42","0.34"
"471","2024-04-15","surjani-town","Surjani Town","Street Crime","day","Monday","9","3","25.002","67.066","high","0.62","0.49"
"472","2024-04-15","new-karachi","New Karachi","Robbery","day","Monday","9","3","24.985","67.062","high","0.6","0.48"
"473","2024-04-15","scheme-33","Scheme 33","Mobile Snatching","night","Monday","9","2","24.956","67.153","medium","0.45","0.36"
"474","2024-04-15","sohrab-goth","Sohrab Goth","Drug Offense","day","Monday","9","3","25.001","67.122","medium","0.64","0.51"
"475","2024-04-15","sakhi-hasan","Sakhi Hasan","Drug Offense","night","Monday","9","2","24.955","67.064","medium","0.41","0.33"
"476","2024-04-15","defence-view","Defence View","Bike Snatching","night","Monday","7","1","24.821","67.021","medium","0.29","0.21"
"477","2024-04-15","kharadar","Kharadar","Mobile Snatching","night","Monday","9","2","24.846","67.004","medium","0.5","0.4"
"478","2024-04-15","site-area","SITE Area","Fraud","day","Monday","9","3","24.936","67","medium","0.61","0.5"
"479","2024-04-15","banaras","Banaras","Robbery","day","Monday","9","3","24.972","67.013","medium","0.65","0.53"
"480","2024-04-15","mehmoodabad","Mehmoodabad","Street Crime","night","Monday","9","2","24.8465","67.0588","high","0.47","0.37"
"481","2024-04-22","clifton","Clifton","Robbery","night","Monday","4","1","24.8138","67.0306","high","0.28","0.22"
"482","2024-04-22","dha","DHA","Drug Offense","night","Monday","4","1","24.8055","67.0672","high","0.25","0.19"
"483","2024-04-22","saddar","Saddar","Mobile Snatching","night","Monday","8","3","24.8547","67.0268","high","0.52","0.44"
"484","2024-04-22","gulshan","Gulshan","Assault","day","Monday","4","2","24.9207","67.0862","high","0.41","0.33"
"485","2024-04-22","gulistan-e-johar","Gulistan-e-Johar","Assault","day","Monday","4","2","24.92","67.1344","high","0.43","0.35"
"486","2024-04-22","nazimabad","Nazimabad","Bike Snatching","day","Monday","4","2","24.9262","67.0407","high","0.47","0.38"
"487","2024-04-22","north-nazimabad","North Nazimabad","Bike Snatching","night","Monday","4","1","24.9388","67.0453","medium","0.34","0.28"
"488","2024-04-22","lyari","Lyari","Mobile Snatching","night","Monday","8","3","24.8607","66.9904","medium","0.68","0.52"
"489","2024-04-22","malir","Malir","Robbery","day","Monday","4","2","24.8937","67.1984","high","0.49","0.41"
"490","2024-04-22","korangi","Korangi","Kidnapping","day","Monday","4","2","24.8323","67.1474","high","0.51","0.43"
"491","2024-04-22","landhi","Landhi","Street Crime","night","Monday","8","3","24.84","67.19","high","0.58","0.46"
"492","2024-04-22","orangi-town","Orangi Town","Robbery","night","Monday","8","3","24.9519","66.9698","high","0.69","0.55"
"493","2024-04-22","baldia-town","Baldia Town","Street Crime","night","Monday","8","3","24.9383","66.9448","high","0.66","0.53"
"494","2024-04-22","keamari","Keamari","Street Crime","night","Monday","8","3","24.815","66.975","medium","0.63","0.5"
"495","2024-04-22","garden","Garden","Kidnapping","day","Monday","4","2","24.8733","67.0167","medium","0.46","0.37"
"496","2024-04-22","fb-area","FB Area","Assault","day","Monday","4","2","24.933","67.07","high","0.39","0.31"
"497","2024-04-22","gulberg","Gulberg","Burglary","day","Monday","4","2","24.905","67.05","high","0.44","0.36"
"498","2024-04-22","shah-faisal","Shah Faisal","Drug Offense","day","Monday","4","2","24.884","67.162","high","0.48","0.39"
"499","2024-04-22","pechs","PECHS","Kidnapping","night","Monday","4","1","24.8775","67.0746","high","0.31","0.24"
"500","2024-04-22","jamshed-town","Jamshed Town","Robbery","day","Monday","4","2","24.879","67.058","high","0.42","0.34"
"501","2024-04-22","surjani-town","Surjani Town","Mobile Snatching","night","Monday","8","3","25.002","67.066","high","0.62","0.49"
"502","2024-04-22","new-karachi","New Karachi","Assault","night","Monday","8","3","24.985","67.062","high","0.6","0.48"
"503","2024-04-22","scheme-33","Scheme 33","Vehicle Theft","day","Monday","4","2","24.956","67.153","medium","0.45","0.36"
"504","2024-04-22","sohrab-goth","Sohrab Goth","Fraud","night","Monday","8","3","25.001","67.122","medium","0.64","0.51"
"505","2024-04-22","sakhi-hasan","Sakhi Hasan","Fraud","day","Monday","4","2","24.955","67.064","medium","0.41","0.33"
"506","2024-04-22","defence-view","Defence View","Burglary","night","Monday","4","1","24.821","67.021","medium","0.29","0.21"
"507","2024-04-22","kharadar","Kharadar","Vehicle Theft","day","Monday","4","2","24.846","67.004","medium","0.5","0.4"
"508","2024-04-22","site-area","SITE Area","Kidnapping","night","Monday","8","3","24.936","67","medium","0.61","0.5"
"509","2024-04-22","banaras","Banaras","Assault","night","Monday","8","3","24.972","67.013","medium","0.65","0.53"
"510","2024-04-22","mehmoodabad","Mehmoodabad","Mobile Snatching","day","Monday","4","2","24.8465","67.0588","high","0.47","0.37"
"511","2024-04-29","clifton","Clifton","Assault","day","Monday","3","1","24.8138","67.0306","high","0.28","0.22"
"512","2024-04-29","dha","DHA","Fraud","day","Monday","3","1","24.8055","67.0672","high","0.25","0.19"
"513","2024-04-29","saddar","Saddar","Vehicle Theft","night","Monday","9","3","24.8547","67.0268","high","0.52","0.44"
"514","2024-04-29","gulshan","Gulshan","Drug Offense","night","Monday","7","2","24.9207","67.0862","high","0.41","0.33"
"515","2024-04-29","gulistan-e-johar","Gulistan-e-Johar","Drug Offense","night","Monday","7","2","24.92","67.1344","high","0.43","0.35"
"516","2024-04-29","nazimabad","Nazimabad","Burglary","night","Monday","7","2","24.9262","67.0407","high","0.47","0.38"
"517","2024-04-29","north-nazimabad","North Nazimabad","Burglary","day","Monday","3","1","24.9388","67.0453","medium","0.34","0.28"
"518","2024-04-29","lyari","Lyari","Vehicle Theft","night","Monday","9","3","24.8607","66.9904","medium","0.68","0.52"
"519","2024-04-29","malir","Malir","Assault","night","Monday","7","2","24.8937","67.1984","high","0.49","0.41"
"520","2024-04-29","korangi","Korangi","Street Crime","night","Monday","7","2","24.8323","67.1474","high","0.51","0.43"
"521","2024-04-29","landhi","Landhi","Mobile Snatching","night","Monday","9","3","24.84","67.19","high","0.58","0.46"
"522","2024-04-29","orangi-town","Orangi Town","Assault","night","Monday","9","3","24.9519","66.9698","high","0.69","0.55"
"523","2024-04-29","baldia-town","Baldia Town","Mobile Snatching","night","Monday","9","3","24.9383","66.9448","high","0.66","0.53"
"524","2024-04-29","keamari","Keamari","Mobile Snatching","night","Monday","9","3","24.815","66.975","medium","0.63","0.5"
"525","2024-04-29","garden","Garden","Street Crime","night","Monday","7","2","24.8733","67.0167","medium","0.46","0.37"
"526","2024-04-29","fb-area","FB Area","Drug Offense","night","Monday","7","2","24.933","67.07","high","0.39","0.31"
"527","2024-04-29","gulberg","Gulberg","Robbery","night","Monday","7","2","24.905","67.05","high","0.44","0.36"
"528","2024-04-29","shah-faisal","Shah Faisal","Fraud","night","Monday","7","2","24.884","67.162","high","0.48","0.39"
"529","2024-04-29","pechs","PECHS","Street Crime","day","Monday","3","1","24.8775","67.0746","high","0.31","0.24"
"530","2024-04-29","jamshed-town","Jamshed Town","Assault","night","Monday","7","2","24.879","67.058","high","0.42","0.34"
"531","2024-04-29","surjani-town","Surjani Town","Vehicle Theft","night","Monday","9","3","25.002","67.066","high","0.62","0.49"
"532","2024-04-29","new-karachi","New Karachi","Drug Offense","night","Monday","9","3","24.985","67.062","high","0.6","0.48"
"533","2024-04-29","scheme-33","Scheme 33","Bike Snatching","night","Monday","7","2","24.956","67.153","medium","0.45","0.36"
"534","2024-04-29","sohrab-goth","Sohrab Goth","Kidnapping","night","Monday","9","3","25.001","67.122","medium","0.64","0.51"
"535","2024-04-29","sakhi-hasan","Sakhi Hasan","Kidnapping","night","Monday","7","2","24.955","67.064","medium","0.41","0.33"
"536","2024-04-29","defence-view","Defence View","Robbery","day","Monday","3","1","24.821","67.021","medium","0.29","0.21"
"537","2024-04-29","kharadar","Kharadar","Bike Snatching","night","Monday","7","2","24.846","67.004","medium","0.5","0.4"
"538","2024-04-29","site-area","SITE Area","Street Crime","night","Monday","9","3","24.936","67","medium","0.61","0.5"
"539","2024-04-29","banaras","Banaras","Drug Offense","night","Monday","9","3","24.972","67.013","medium","0.65","0.53"
"540","2024-04-29","mehmoodabad","Mehmoodabad","Vehicle Theft","night","Monday","7","2","24.8465","67.0588","high","0.47","0.37"
"541","2024-05-06","clifton","Clifton","Drug Offense","night","Monday","6","1","24.8138","67.0306","high","0.28","0.22"
"542","2024-05-06","dha","DHA","Kidnapping","night","Monday","6","1","24.8055","67.0672","high","0.25","0.19"
"543","2024-05-06","saddar","Saddar","Bike Snatching","day","Monday","8","3","24.8547","67.0268","high","0.52","0.44"
"544","2024-05-06","gulshan","Gulshan","Fraud","night","Monday","8","2","24.9207","67.0862","high","0.41","0.33"
"545","2024-05-06","gulistan-e-johar","Gulistan-e-Johar","Fraud","night","Monday","8","2","24.92","67.1344","high","0.43","0.35"
"546","2024-05-06","nazimabad","Nazimabad","Robbery","night","Monday","8","2","24.9262","67.0407","high","0.47","0.38"
"547","2024-05-06","north-nazimabad","North Nazimabad","Robbery","night","Monday","6","1","24.9388","67.0453","medium","0.34","0.28"
"548","2024-05-06","lyari","Lyari","Bike Snatching","day","Monday","8","3","24.8607","66.9904","medium","0.68","0.52"
"549","2024-05-06","malir","Malir","Drug Offense","night","Monday","8","2","24.8937","67.1984","high","0.49","0.41"
"550","2024-05-06","korangi","Korangi","Mobile Snatching","night","Monday","8","2","24.8323","67.1474","high","0.51","0.43"
"551","2024-05-06","landhi","Landhi","Vehicle Theft","day","Monday","8","3","24.84","67.19","high","0.58","0.46"
"552","2024-05-06","orangi-town","Orangi Town","Drug Offense","day","Monday","8","3","24.9519","66.9698","high","0.69","0.55"
"553","2024-05-06","baldia-town","Baldia Town","Vehicle Theft","day","Monday","8","3","24.9383","66.9448","high","0.66","0.53"
"554","2024-05-06","keamari","Keamari","Vehicle Theft","day","Monday","8","3","24.815","66.975","medium","0.63","0.5"
"555","2024-05-06","garden","Garden","Mobile Snatching","night","Monday","8","2","24.8733","67.0167","medium","0.46","0.37"
"556","2024-05-06","fb-area","FB Area","Fraud","night","Monday","8","2","24.933","67.07","high","0.39","0.31"
"557","2024-05-06","gulberg","Gulberg","Assault","night","Monday","8","2","24.905","67.05","high","0.44","0.36"
"558","2024-05-06","shah-faisal","Shah Faisal","Kidnapping","night","Monday","8","2","24.884","67.162","high","0.48","0.39"
"559","2024-05-06","pechs","PECHS","Mobile Snatching","night","Monday","6","1","24.8775","67.0746","high","0.31","0.24"
"560","2024-05-06","jamshed-town","Jamshed Town","Drug Offense","night","Monday","8","2","24.879","67.058","high","0.42","0.34"
"561","2024-05-06","surjani-town","Surjani Town","Bike Snatching","day","Monday","8","3","25.002","67.066","high","0.62","0.49"
"562","2024-05-06","new-karachi","New Karachi","Fraud","day","Monday","8","3","24.985","67.062","high","0.6","0.48"
"563","2024-05-06","scheme-33","Scheme 33","Burglary","night","Monday","8","2","24.956","67.153","medium","0.45","0.36"
"564","2024-05-06","sohrab-goth","Sohrab Goth","Street Crime","day","Monday","8","3","25.001","67.122","medium","0.64","0.51"
"565","2024-05-06","sakhi-hasan","Sakhi Hasan","Street Crime","night","Monday","8","2","24.955","67.064","medium","0.41","0.33"
"566","2024-05-06","defence-view","Defence View","Assault","night","Monday","6","1","24.821","67.021","medium","0.29","0.21"
"567","2024-05-06","kharadar","Kharadar","Burglary","night","Monday","8","2","24.846","67.004","medium","0.5","0.4"
"568","2024-05-06","site-area","SITE Area","Mobile Snatching","day","Monday","8","3","24.936","67","medium","0.61","0.5"
"569","2024-05-06","banaras","Banaras","Fraud","day","Monday","8","3","24.972","67.013","medium","0.65","0.53"
"570","2024-05-06","mehmoodabad","Mehmoodabad","Bike Snatching","night","Monday","8","2","24.8465","67.0588","high","0.47","0.37"
"571","2024-05-13","clifton","Clifton","Fraud","night","Monday","7","1","24.8138","67.0306","high","0.28","0.22"
"572","2024-05-13","dha","DHA","Street Crime","night","Monday","7","1","24.8055","67.0672","high","0.25","0.19"
"573","2024-05-13","saddar","Saddar","Burglary","night","Monday","11","3","24.8547","67.0268","high","0.52","0.44"
"574","2024-05-13","gulshan","Gulshan","Kidnapping","day","Monday","7","2","24.9207","67.0862","high","0.41","0.33"
"575","2024-05-13","gulistan-e-johar","Gulistan-e-Johar","Kidnapping","day","Monday","7","2","24.92","67.1344","high","0.43","0.35"
"576","2024-05-13","nazimabad","Nazimabad","Assault","day","Monday","7","2","24.9262","67.0407","high","0.47","0.38"
"577","2024-05-13","north-nazimabad","North Nazimabad","Assault","night","Monday","7","1","24.9388","67.0453","medium","0.34","0.28"
"578","2024-05-13","lyari","Lyari","Burglary","night","Monday","11","3","24.8607","66.9904","medium","0.68","0.52"
"579","2024-05-13","malir","Malir","Fraud","day","Monday","7","2","24.8937","67.1984","high","0.49","0.41"
"580","2024-05-13","korangi","Korangi","Vehicle Theft","day","Monday","7","2","24.8323","67.1474","high","0.51","0.43"
"581","2024-05-13","landhi","Landhi","Bike Snatching","night","Monday","11","3","24.84","67.19","high","0.58","0.46"
"582","2024-05-13","orangi-town","Orangi Town","Fraud","night","Monday","11","3","24.9519","66.9698","high","0.69","0.55"
"583","2024-05-13","baldia-town","Baldia Town","Bike Snatching","night","Monday","11","3","24.9383","66.9448","high","0.66","0.53"
"584","2024-05-13","keamari","Keamari","Bike Snatching","night","Monday","11","3","24.815","66.975","medium","0.63","0.5"
"585","2024-05-13","garden","Garden","Vehicle Theft","day","Monday","7","2","24.8733","67.0167","medium","0.46","0.37"
"586","2024-05-13","fb-area","FB Area","Kidnapping","day","Monday","7","2","24.933","67.07","high","0.39","0.31"
"587","2024-05-13","gulberg","Gulberg","Drug Offense","day","Monday","7","2","24.905","67.05","high","0.44","0.36"
"588","2024-05-13","shah-faisal","Shah Faisal","Street Crime","day","Monday","7","2","24.884","67.162","high","0.48","0.39"
"589","2024-05-13","pechs","PECHS","Vehicle Theft","night","Monday","7","1","24.8775","67.0746","high","0.31","0.24"
"590","2024-05-13","jamshed-town","Jamshed Town","Fraud","day","Monday","7","2","24.879","67.058","high","0.42","0.34"
"591","2024-05-13","surjani-town","Surjani Town","Burglary","night","Monday","11","3","25.002","67.066","high","0.62","0.49"
"592","2024-05-13","new-karachi","New Karachi","Kidnapping","night","Monday","11","3","24.985","67.062","high","0.6","0.48"
"593","2024-05-13","scheme-33","Scheme 33","Robbery","day","Monday","7","2","24.956","67.153","medium","0.45","0.36"
"594","2024-05-13","sohrab-goth","Sohrab Goth","Mobile Snatching","night","Monday","11","3","25.001","67.122","medium","0.64","0.51"
"595","2024-05-13","sakhi-hasan","Sakhi Hasan","Mobile Snatching","day","Monday","7","2","24.955","67.064","medium","0.41","0.33"
"596","2024-05-13","defence-view","Defence View","Drug Offense","night","Monday","7","1","24.821","67.021","medium","0.29","0.21"
"597","2024-05-13","kharadar","Kharadar","Robbery","day","Monday","7","2","24.846","67.004","medium","0.5","0.4"
"598","2024-05-13","site-area","SITE Area","Vehicle Theft","night","Monday","11","3","24.936","67","medium","0.61","0.5"
"599","2024-05-13","banaras","Banaras","Kidnapping","night","Monday","11","3","24.972","67.013","medium","0.65","0.53"
"600","2024-05-13","mehmoodabad","Mehmoodabad","Burglary","day","Monday","7","2","24.8465","67.0588","high","0.47","0.37"
"601","2024-05-20","clifton","Clifton","Kidnapping","day","Monday","2","1","24.8138","67.0306","high","0.28","0.22"
"602","2024-05-20","dha","DHA","Mobile Snatching","day","Monday","2","1","24.8055","67.0672","high","0.25","0.19"
"603","2024-05-20","saddar","Saddar","Robbery","night","Monday","8","3","24.8547","67.0268","high","0.52","0.44"
"604","2024-05-20","gulshan","Gulshan","Street Crime","night","Monday","6","2","24.9207","67.0862","high","0.41","0.33"
"605","2024-05-20","gulistan-e-johar","Gulistan-e-Johar","Street Crime","night","Monday","6","2","24.92","67.1344","high","0.43","0.35"
"606","2024-05-20","nazimabad","Nazimabad","Drug Offense","night","Monday","6","2","24.9262","67.0407","high","0.47","0.38"
"607","2024-05-20","north-nazimabad","North Nazimabad","Drug Offense","day","Monday","2","1","24.9388","67.0453","medium","0.34","0.28"
"608","2024-05-20","lyari","Lyari","Robbery","night","Monday","8","3","24.8607","66.9904","medium","0.68","0.52"
"609","2024-05-20","malir","Malir","Kidnapping","night","Monday","6","2","24.8937","67.1984","high","0.49","0.41"
"610","2024-05-20","korangi","Korangi","Bike Snatching","night","Monday","6","2","24.8323","67.1474","high","0.51","0.43"
"611","2024-05-20","landhi","Landhi","Burglary","night","Monday","8","3","24.84","67.19","high","0.58","0.46"
"612","2024-05-20","orangi-town","Orangi Town","Kidnapping","night","Monday","8","3","24.9519","66.9698","high","0.69","0.55"
"613","2024-05-20","baldia-town","Baldia Town","Burglary","night","Monday","8","3","24.9383","66.9448","high","0.66","0.53"
"614","2024-05-20","keamari","Keamari","Burglary","night","Monday","8","3","24.815","66.975","medium","0.63","0.5"
"615","2024-05-20","garden","Garden","Bike Snatching","night","Monday","6","2","24.8733","67.0167","medium","0.46","0.37"
"616","2024-05-20","fb-area","FB Area","Street Crime","night","Monday","6","2","24.933","67.07","high","0.39","0.31"
"617","2024-05-20","gulberg","Gulberg","Fraud","night","Monday","6","2","24.905","67.05","high","0.44","0.36"
"618","2024-05-20","shah-faisal","Shah Faisal","Mobile Snatching","night","Monday","6","2","24.884","67.162","high","0.48","0.39"
"619","2024-05-20","pechs","PECHS","Bike Snatching","day","Monday","2","1","24.8775","67.0746","high","0.31","0.24"
"620","2024-05-20","jamshed-town","Jamshed Town","Kidnapping","night","Monday","6","2","24.879","67.058","high","0.42","0.34"
"621","2024-05-20","surjani-town","Surjani Town","Robbery","night","Monday","8","3","25.002","67.066","high","0.62","0.49"
"622","2024-05-20","new-karachi","New Karachi","Street Crime","night","Monday","8","3","24.985","67.062","high","0.6","0.48"
"623","2024-05-20","scheme-33","Scheme 33","Assault","night","Monday","6","2","24.956","67.153","medium","0.45","0.36"
"624","2024-05-20","sohrab-goth","Sohrab Goth","Vehicle Theft","night","Monday","8","3","25.001","67.122","medium","0.64","0.51"
"625","2024-05-20","sakhi-hasan","Sakhi Hasan","Vehicle Theft","night","Monday","6","2","24.955","67.064","medium","0.41","0.33"
"626","2024-05-20","defence-view","Defence View","Fraud","day","Monday","2","1","24.821","67.021","medium","0.29","0.21"
"627","2024-05-20","kharadar","Kharadar","Assault","night","Monday","6","2","24.846","67.004","medium","0.5","0.4"
"628","2024-05-20","site-area","SITE Area","Bike Snatching","night","Monday","8","3","24.936","67","medium","0.61","0.5"
"629","2024-05-20","banaras","Banaras","Street Crime","night","Monday","8","3","24.972","67.013","medium","0.65","0.53"
"630","2024-05-20","mehmoodabad","Mehmoodabad","Robbery","night","Monday","6","2","24.8465","67.0588","high","0.47","0.37"
"631","2024-05-27","clifton","Clifton","Street Crime","night","Monday","5","1","24.8138","67.0306","high","0.28","0.22"
"632","2024-05-27","dha","DHA","Vehicle Theft","night","Monday","5","1","24.8055","67.0672","high","0.25","0.19"
"633","2024-05-27","saddar","Saddar","Assault","day","Monday","7","3","24.8547","67.0268","high","0.52","0.44"
"634","2024-05-27","gulshan","Gulshan","Mobile Snatching","night","Monday","7","2","24.9207","67.0862","high","0.41","0.33"
"635","2024-05-27","gulistan-e-johar","Gulistan-e-Johar","Mobile Snatching","night","Monday","7","2","24.92","67.1344","high","0.43","0.35"
"636","2024-05-27","nazimabad","Nazimabad","Fraud","night","Monday","7","2","24.9262","67.0407","high","0.47","0.38"
"637","2024-05-27","north-nazimabad","North Nazimabad","Fraud","night","Monday","5","1","24.9388","67.0453","medium","0.34","0.28"
"638","2024-05-27","lyari","Lyari","Assault","day","Monday","7","3","24.8607","66.9904","medium","0.68","0.52"
"639","2024-05-27","malir","Malir","Street Crime","night","Monday","7","2","24.8937","67.1984","high","0.49","0.41"
"640","2024-05-27","korangi","Korangi","Burglary","night","Monday","7","2","24.8323","67.1474","high","0.51","0.43"
"641","2024-05-27","landhi","Landhi","Robbery","day","Monday","7","3","24.84","67.19","high","0.58","0.46"
"642","2024-05-27","orangi-town","Orangi Town","Street Crime","day","Monday","7","3","24.9519","66.9698","high","0.69","0.55"
"643","2024-05-27","baldia-town","Baldia Town","Robbery","day","Monday","7","3","24.9383","66.9448","high","0.66","0.53"
"644","2024-05-27","keamari","Keamari","Robbery","day","Monday","7","3","24.815","66.975","medium","0.63","0.5"
"645","2024-05-27","garden","Garden","Burglary","night","Monday","7","2","24.8733","67.0167","medium","0.46","0.37"
"646","2024-05-27","fb-area","FB Area","Mobile Snatching","night","Monday","7","2","24.933","67.07","high","0.39","0.31"
"647","2024-05-27","gulberg","Gulberg","Kidnapping","night","Monday","7","2","24.905","67.05","high","0.44","0.36"
"648","2024-05-27","shah-faisal","Shah Faisal","Vehicle Theft","night","Monday","7","2","24.884","67.162","high","0.48","0.39"
"649","2024-05-27","pechs","PECHS","Burglary","night","Monday","5","1","24.8775","67.0746","high","0.31","0.24"
"650","2024-05-27","jamshed-town","Jamshed Town","Street Crime","night","Monday","7","2","24.879","67.058","high","0.42","0.34"
"651","2024-05-27","surjani-town","Surjani Town","Assault","day","Monday","7","3","25.002","67.066","high","0.62","0.49"
"652","2024-05-27","new-karachi","New Karachi","Mobile Snatching","day","Monday","7","3","24.985","67.062","high","0.6","0.48"
"653","2024-05-27","scheme-33","Scheme 33","Drug Offense","night","Monday","7","2","24.956","67.153","medium","0.45","0.36"
"654","2024-05-27","sohrab-goth","Sohrab Goth","Bike Snatching","day","Monday","7","3","25.001","67.122","medium","0.64","0.51"
"655","2024-05-27","sakhi-hasan","Sakhi Hasan","Bike Snatching","night","Monday","7","2","24.955","67.064","medium","0.41","0.33"
"656","2024-05-27","defence-view","Defence View","Kidnapping","night","Monday","5","1","24.821","67.021","medium","0.29","0.21"
"657","2024-05-27","kharadar","Kharadar","Drug Offense","night","Monday","7","2","24.846","67.004","medium","0.5","0.4"
"658","2024-05-27","site-area","SITE Area","Burglary","day","Monday","7","3","24.936","67","medium","0.61","0.5"
"659","2024-05-27","banaras","Banaras","Mobile Snatching","day","Monday","7","3","24.972","67.013","medium","0.65","0.53"
"660","2024-05-27","mehmoodabad","Mehmoodabad","Assault","night","Monday","7","2","24.8465","67.0588","high","0.47","0.37"
"661","2024-06-03","clifton","Clifton","Mobile Snatching","night","Monday","6","1","24.8138","67.0306","high","0.28","0.22"
"662","2024-06-03","dha","DHA","Bike Snatching","night","Monday","6","1","24.8055","67.0672","high","0.25","0.19"
"663","2024-06-03","saddar","Saddar","Drug Offense","night","Monday","10","3","24.8547","67.0268","high","0.52","0.44"
"664","2024-06-03","gulshan","Gulshan","Vehicle Theft","day","Monday","6","2","24.9207","67.0862","high","0.41","0.33"
"665","2024-06-03","gulistan-e-johar","Gulistan-e-Johar","Vehicle Theft","day","Monday","6","2","24.92","67.1344","high","0.43","0.35"
"666","2024-06-03","nazimabad","Nazimabad","Kidnapping","day","Monday","6","2","24.9262","67.0407","high","0.47","0.38"
"667","2024-06-03","north-nazimabad","North Nazimabad","Kidnapping","night","Monday","6","1","24.9388","67.0453","medium","0.34","0.28"
"668","2024-06-03","lyari","Lyari","Drug Offense","night","Monday","10","3","24.8607","66.9904","medium","0.68","0.52"
"669","2024-06-03","malir","Malir","Mobile Snatching","day","Monday","6","2","24.8937","67.1984","high","0.49","0.41"
"670","2024-06-03","korangi","Korangi","Robbery","day","Monday","6","2","24.8323","67.1474","high","0.51","0.43"
"671","2024-06-03","landhi","Landhi","Assault","night","Monday","10","3","24.84","67.19","high","0.58","0.46"
"672","2024-06-03","orangi-town","Orangi Town","Mobile Snatching","night","Monday","10","3","24.9519","66.9698","high","0.69","0.55"
"673","2024-06-03","baldia-town","Baldia Town","Assault","night","Monday","10","3","24.9383","66.9448","high","0.66","0.53"
"674","2024-06-03","keamari","Keamari","Assault","night","Monday","10","3","24.815","66.975","medium","0.63","0.5"
"675","2024-06-03","garden","Garden","Robbery","day","Monday","6","2","24.8733","67.0167","medium","0.46","0.37"
"676","2024-06-03","fb-area","FB Area","Vehicle Theft","day","Monday","6","2","24.933","67.07","high","0.39","0.31"
"677","2024-06-03","gulberg","Gulberg","Street Crime","day","Monday","6","2","24.905","67.05","high","0.44","0.36"
"678","2024-06-03","shah-faisal","Shah Faisal","Bike Snatching","day","Monday","6","2","24.884","67.162","high","0.48","0.39"
"679","2024-06-03","pechs","PECHS","Robbery","night","Monday","6","1","24.8775","67.0746","high","0.31","0.24"
"680","2024-06-03","jamshed-town","Jamshed Town","Mobile Snatching","day","Monday","6","2","24.879","67.058","high","0.42","0.34"
"681","2024-06-03","surjani-town","Surjani Town","Drug Offense","night","Monday","10","3","25.002","67.066","high","0.62","0.49"
"682","2024-06-03","new-karachi","New Karachi","Vehicle Theft","night","Monday","10","3","24.985","67.062","high","0.6","0.48"
"683","2024-06-03","scheme-33","Scheme 33","Fraud","day","Monday","6","2","24.956","67.153","medium","0.45","0.36"
"684","2024-06-03","sohrab-goth","Sohrab Goth","Burglary","night","Monday","10","3","25.001","67.122","medium","0.64","0.51"
"685","2024-06-03","sakhi-hasan","Sakhi Hasan","Burglary","day","Monday","6","2","24.955","67.064","medium","0.41","0.33"
"686","2024-06-03","defence-view","Defence View","Street Crime","night","Monday","6","1","24.821","67.021","medium","0.29","0.21"
"687","2024-06-03","kharadar","Kharadar","Fraud","day","Monday","6","2","24.846","67.004","medium","0.5","0.4"
"688","2024-06-03","site-area","SITE Area","Robbery","night","Monday","10","3","24.936","67","medium","0.61","0.5"
"689","2024-06-03","banaras","Banaras","Vehicle Theft","night","Monday","10","3","24.972","67.013","medium","0.65","0.53"
"690","2024-06-03","mehmoodabad","Mehmoodabad","Drug Offense","day","Monday","6","2","24.8465","67.0588","high","0.47","0.37"
"691","2024-06-10","clifton","Clifton","Vehicle Theft","day","Monday","5","1","24.8138","67.0306","high","0.28","0.22"
"692","2024-06-10","dha","DHA","Burglary","day","Monday","5","1","24.8055","67.0672","high","0.25","0.19"
"693","2024-06-10","saddar","Saddar","Fraud","night","Monday","11","3","24.8547","67.0268","high","0.52","0.44"
"694","2024-06-10","gulshan","Gulshan","Bike Snatching","night","Monday","9","2","24.9207","67.0862","high","0.41","0.33"
"695","2024-06-10","gulistan-e-johar","Gulistan-e-Johar","Bike Snatching","night","Monday","9","2","24.92","67.1344","high","0.43","0.35"
"696","2024-06-10","nazimabad","Nazimabad","Street Crime","night","Monday","9","2","24.9262","67.0407","high","0.47","0.38"
"697","2024-06-10","north-nazimabad","North Nazimabad","Street Crime","day","Monday","5","1","24.9388","67.0453","medium","0.34","0.28"
"698","2024-06-10","lyari","Lyari","Fraud","night","Monday","11","3","24.8607","66.9904","medium","0.68","0.52"
"699","2024-06-10","malir","Malir","Vehicle Theft","night","Monday","9","2","24.8937","67.1984","high","0.49","0.41"
"700","2024-06-10","korangi","Korangi","Assault","night","Monday","9","2","24.8323","67.1474","high","0.51","0.43"
"701","2024-06-10","landhi","Landhi","Drug Offense","night","Monday","11","3","24.84","67.19","high","0.58","0.46"
"702","2024-06-10","orangi-town","Orangi Town","Vehicle Theft","night","Monday","11","3","24.9519","66.9698","high","0.69","0.55"
"703","2024-06-10","baldia-town","Baldia Town","Drug Offense","night","Monday","11","3","24.9383","66.9448","high","0.66","0.53"
"704","2024-06-10","keamari","Keamari","Drug Offense","night","Monday","11","3","24.815","66.975","medium","0.63","0.5"
"705","2024-06-10","garden","Garden","Assault","night","Monday","9","2","24.8733","67.0167","medium","0.46","0.37"
"706","2024-06-10","fb-area","FB Area","Bike Snatching","night","Monday","9","2","24.933","67.07","high","0.39","0.31"
"707","2024-06-10","gulberg","Gulberg","Mobile Snatching","night","Monday","9","2","24.905","67.05","high","0.44","0.36"
"708","2024-06-10","shah-faisal","Shah Faisal","Burglary","night","Monday","9","2","24.884","67.162","high","0.48","0.39"
"709","2024-06-10","pechs","PECHS","Assault","day","Monday","5","1","24.8775","67.0746","high","0.31","0.24"
"710","2024-06-10","jamshed-town","Jamshed Town","Vehicle Theft","night","Monday","9","2","24.879","67.058","high","0.42","0.34"
"711","2024-06-10","surjani-town","Surjani Town","Fraud","night","Monday","11","3","25.002","67.066","high","0.62","0.49"
"712","2024-06-10","new-karachi","New Karachi","Bike Snatching","night","Monday","11","3","24.985","67.062","high","0.6","0.48"
"713","2024-06-10","scheme-33","Scheme 33","Kidnapping","night","Monday","9","2","24.956","67.153","medium","0.45","0.36"
"714","2024-06-10","sohrab-goth","Sohrab Goth","Robbery","night","Monday","11","3","25.001","67.122","medium","0.64","0.51"
"715","2024-06-10","sakhi-hasan","Sakhi Hasan","Robbery","night","Monday","9","2","24.955","67.064","medium","0.41","0.33"
"716","2024-06-10","defence-view","Defence View","Mobile Snatching","day","Monday","5","1","24.821","67.021","medium","0.29","0.21"
"717","2024-06-10","kharadar","Kharadar","Kidnapping","night","Monday","9","2","24.846","67.004","medium","0.5","0.4"
"718","2024-06-10","site-area","SITE Area","Assault","night","Monday","11","3","24.936","67","medium","0.61","0.5"
"719","2024-06-10","banaras","Banaras","Bike Snatching","night","Monday","11","3","24.972","67.013","medium","0.65","0.53"
"720","2024-06-10","mehmoodabad","Mehmoodabad","Fraud","night","Monday","9","2","24.8465","67.0588","high","0.47","0.37"
